NAME SURNAME,ADDITIONAL GUESTS,STATUS,VIP,INVITED BY,NOTES,TABLE
Mehmet Yılmaz,3,Confirmed,VVIP,Kerem Sarıçiçek,Prefers stage view,
Ayşe Demir,0,Confirmed,Standard,Loyalty Desk,,
Ayşe Demir,1,Tentative,VIP,International Marketing,A different person with the same name,
Sofia Rossi,1,Confirmed,VIP,International Marketing,,
Sofia Rossi,1,Confirmed,VIP,International Marketing,Duplicate row of the line above,
Can Öztürk,2,Confirmed,Standard,Loyalty Desk,,
Zeynep Kaya,three,Confirmed,Standard,Loyalty Desk,ADDITIONAL GUESTS is not a number,
Burak Şahin,-2,Tentative,Standard,Host Desk,Negative companions,
Elif Arslan,0,Confirmed,VVIP,Kerem Sarıçiçek,Wheelchair access,
Murat Çelik,4,Confirmed,Standard,Host Desk,,T99
Deniz Aydın,0,Confirmed,Standard,Host Desk,,
Selin Koç,1,Tentative,Standard,Loyalty Desk,,
Emre Doğan,2,Confirmed,VIP,International Marketing,,
,1,Confirmed,Standard,Host Desk,Row with no name,
Hakan Polat,0,Confirmed,Standard,Host Desk,,
Gizem Yıldız,3,Confirmed,Standard,Loyalty Desk,,
Oğuz Kılıç,1,Confirmed,Standard,Host Desk,,
Pınar Erdem,0,Tentative,VIP,Kerem Sarıçiçek,,
Tolga Aksoy,2,Confirmed,Standard,Loyalty Desk,,
Nazlı Güneş,1,Confirmed,Standard,Host Desk,,
